bug_id,project,suite_type,test_count,line_coverage,branch_coverage,total_mutants,killed_mutants,survived_mutants,timed_out,no_coverage,mutation_score,cond_boundary_score,negate_cond_score,math_score,void_call_score,invert_negs_score,real_bug_detected
LANG-1834,commons-lang,augmented,683,96.3,0.0,350,280,59,15,11,80.00,16.67,80.36,83.56,60.00,75.00,1
LANG-1834,commons-lang,base,683,96.3,0.0,350,280,59,15,11,80.00,16.67,80.36,83.56,60.00,75.00,0
d8f4116d,commons-lang,base,0,0.0,0.0,232,187,41,0,4,80.6,90.9090909090909,0.0,90.9090909090909,100.0,0.0,0
d8f4116d,commons-lang,augmented,0,0.0,0.0,232,193,37,0,2,83.19,90.9090909090909,0.0,90.9090909090909,100.0,0.0,1
e213b85c,commons-lang,base,0,0.0,0.0,349,260,61,17,11,74.5,16.666666666666664,0.0,80.55555555555556,60.0,75.0,0
e213b85c,commons-lang,augmented,0,0.0,0.0,349,262,59,17,11,75.07,16.666666666666664,0.0,83.33333333333334,60.0,75.0,1
df1e9189,commons-lang,base,0,0.0,0.0,604,409,120,1,74,67.72,75.0,0.0,0.0,25.0,0.0,0
df1e9189,commons-lang,augmented,0,0.0,0.0,604,414,117,1,72,68.54,75.0,0.0,0.0,25.0,0.0,1
e4380908,commons-lang,base,0,0.0,0.0,249,198,31,16,4,79.52,83.33333333333334,0.0,76.59574468085107,100.0,0.0,0
e4380908,commons-lang,augmented,0,0.0,0.0,249,199,30,16,4,79.92,83.33333333333334,0.0,76.59574468085107,100.0,0.0,1
0edbb4ae,commons-lang,base,0,0.0,0.0,882,787,72,3,20,89.23,67.64705882352942,0.0,92.88135593220339,100.0,0.0,0
0edbb4ae,commons-lang,augmented,0,0.0,0.0,882,790,69,3,20,89.57,67.64705882352942,0.0,93.22033898305084,100.0,0.0,1
1d6ef29c,commons-lang,base,0,0.0,0.0,104,72,14,0,18,69.23,75.0,0.0,0.0,100.0,0.0,0
1d6ef29c,commons-lang,augmented,0,0.0,0.0,104,96,7,0,1,92.31,91.66666666666666,0.0,100.0,100.0,0.0,1
4ee32aa5,commons-lang,base,0,0.0,0.0,2187,122,19,0,2046,5.58,4.81283422459893,0.0,4.761904761904762,0.0,0.0,0
4ee32aa5,commons-lang,augmented,0,0.0,0.0,2187,138,27,0,2022,6.31,4.81283422459893,0.0,7.936507936507936,0.0,0.0,1
9288e2c9,commons-lang,base,0,0.0,0.0,14,10,1,0,3,71.43,0.0,0.0,0.0,0.0,0.0,0
9288e2c9,commons-lang,augmented,0,0.0,0.0,14,13,1,0,0,92.86,0.0,0.0,0.0,0.0,0.0,1
